AARTIDRUGS,Aarti Drugs Ltd
AARTIIND,Aarti Industries Ltd
AARTIPHARM,Aarti Pharmalabs Ltd
AAVAS,Aavas Financiers Ltd
ABBOTINDIA,Abbott India Ltd
ACC,ACC Ltd
ACCELYA,Accelya Solutions India Ltd
ACLGATI,Allcargo Gati Ltd
ADANIENT,Adani Enterprises Ltd
ADANIGAS,Adani Gas Ltd
ADANIGREEN,Adani Green Energy Ltd
ADANIPORTS,Adani Ports and Special Economic Zone Ltd
ADANIPOWER,Adani Power Ltd
ADANITRANS,Adani Transmission Ltd
ADF,ADF Foods Ltd
AEGISLOG,Aegis Logistics Ltd
AFFLE,Affle India Ltd
AHLUWALIA,Ahluwalia Contracts India Ltd
AIAENG,AIA Engineering Ltd
AJANTPHARM,Ajanta Pharma Ltd
AKUMS,Akums Drugs & Pharmaceuticals Ltd
AKZOINDIA,Akzo Nobel India Ltd
ALANKIT,Alankit Ltd
ALIVUS,Alivus Life Sciences Ltd
ALKEM,Alkem Laboratories Ltd
ALKYLAMINE,Alkyl Amines Chemicals Ltd
ALLCARGO,Allcargo Logistics Ltd
ALMONDZ,Almondz Global Securities Ltd
ALPA,Alpa Laboratories Ltd
ALPHAGEO,Alphageo India Ltd
AMARAJABAT,Amara Raja Energy & Mobility Ltd
AMARJOTHI,Amarjothi Spinning Mills Ltd
AMBER,Amber Enterprises India Ltd
AMBUJACEM,Ambuja Cements Ltd
AMNPLST,Amines & Plasticizers Ltd
ANGELONE,Angel One Ltd
ANURAS,Anupam Rasayan India Ltd
APCOTEXIND,Apcotex Industries Ltd
APLAPOLLO,APL Apollo Tubes Ltd
APOLLOHOSP,Apollo Hospitals Enterprise Ltd
APOLLOTYRE,Apollo Tyres Ltd
APOLSINHOT,Apollo Sindoori Hotels Ltd
ARVIND,Arvind Ltd
ARVINDFASN,Arvind Fashions Ltd
ASHOKA,Ashoka Buildcon Ltd
ASHOKLEY,Ashok Leyland Ltd
ASIANPAINT,Asian Paints Ltd
ASTERDM,Aster DM Healthcare Ltd
ASTRAL,Astral Ltd
ASTRAZEN,AstraZeneca Pharma India Ltd
ATGL,Adani Total Gas Ltd
ATUL,Atul Ltd
AUBANK,AU Small Finance Bank Ltd
AUROPHARMA,Aurobindo Pharma Ltd
AVANTIFEED,Avanti Feeds Ltd
AXISBANK,Axis Bank Ltd
BAJAJ-AUTO,Bajaj Auto Ltd
BAJAJCON,Bajaj Consumer Care Ltd
BAJAJFINSV,Bajaj Finserv Ltd
BAJFINANCE,Bajaj Finance Ltd
BALAJITELE,Balaji Telefilms Ltd
BALKRISIND,Balkrishna Industries Ltd
BALRAMCHIN,Balrampur Chini Mills Ltd
BANDHANBNK,Bandhan Bank Ltd
BANKINDIA,Bank of India
BANKBARODA,Bank of Baroda
BASF,BASF India Ltd
BATAINDIA,Bata India Ltd
BEL,Bharat Electronics Ltd
BEML,BEML Ltd
BERGEPAINT,Berger Paints India Ltd
BHARATFORG,Bharat Forge Ltd
BHARATRAS,Bharat Rasayan Ltd
BHARTIARTL,Bharti Airtel Ltd
BHARTIHEXA,Bharti Hexacom Ltd
BHEL,Bharat Heavy Electricals Ltd
BIOCON,Biocon Ltd
BLISSGVS,Bliss GVS Pharma Ltd
BLUESTARCO,Blue Star Ltd
BOMDYEING,Bombay Dyeing & Manufacturing Company Ltd
BOSCHLTD,Bosch Ltd
BPCL,Bharat Petroleum Corporation Ltd
BRIGADE,Brigade Enterprises Ltd
BRITANNIA,Britannia Industries Ltd
BSOFT,Birlasoft Ltd
CADILAHC,Cadila Healthcare Ltd
CANBK,Canara Bank
CANFINHOME,Can Fin Homes Ltd
CAPLIPOINT,Caplin Point Laboratories Ltd
CARBORUNIV,Carborundum Universal Ltd
CARERATING,Care Ratings Ltd
CASTROLIND,Castrol India Ltd
CCL,CCL Products India Ltd
CEATLTD,CEAT Ltd
